team;FCI;federal state;target;date;year;preparation;leash;temp;humidity;weather;wind;wind direction;sample number;samplecondition;search;sample;grid;size;found_dog;found_handler;time;time_orig;alert;end;false_pos;search_finished
70044;8;anonymised;Ambrosia artemisiifolia;02.04.2022;2022;Person A;no;5.3;NA;cloudy;intermittent;SO;1;frozen;1;1;3;10;0;1;300;05:00;NA;05:00;;1
70044;8;anonymised;Ambrosia artemisiifolia;02.04.2022;2022;Person A;no;5.3;NA;cloudy;intermittent;SO;2;fresh;2;1;5;10;1;0;286;04:46;strong;05:00;;1
70044;8;anonymised;Ambrosia artemisiifolia;02.04.2022;2022;Person A;no;5.3;NA;cloudy;intermittent;SO;2;fresh;2;2;9;10;1;1;188;03:08;NA;05:00;;1
70044;8;anonymised;Ambrosia artemisiifolia;02.04.2022;2022;Person A;no;5.3;NA;cloudy;intermittent;SO;1;fresh;3;1;16;10;1;0;154;02:34;strong;4:35 durch HF;2;1
70037;0;anonymised;Fallopia japonica;02.04.2022;2022;Person A;no;5;NA;partly cloudy;intermittent;SO;1;frozen;1;1;7;5;0;0;300;NA;NA;05:00;;1
70037;0;anonymised;Fallopia japonica;02.04.2022;2022;Person A;no;5;NA;partly cloudy;intermittent;SO;2;fresh;2;1;3;10;0;0;300;>5:00:00;NA;05:00;;1
70037;0;anonymised;Fallopia japonica;02.04.2022;2022;Person A;no;5;NA;partly cloudy;intermittent;SO;2;fresh;2;2;5;10;1;1;151;02:31;medium;05:00;;1
70037;0;anonymised;Fallopia japonica;02.04.2022;2022;Person A;no;5;NA;partly cloudy;intermittent;SO;2;fresh;3;1;6;10;1;1;354;05:54;strong;NA;;1
70037;0;anonymised;Fallopia japonica;02.04.2022;2022;Person A;no;5;NA;partly cloudy;intermittent;SO;2;fresh;3;2;23;10;1;1;188;03:08;medium;NA;1;1
70038;0;anonymised;Impatiens glandulifera;02.04.2022;2022;Person A;no;5.7;NA;cloudy;intermittent;SO;1;frozen;1;1;4;10;1;0;114;01:54;strong;NA;;1
70038;0;anonymised;Impatiens glandulifera;02.04.2022;2022;Person A;no;5.7;NA;cloudy;intermittent;SO;2;frozen;2;1;5;10;1;0;86;01:26;strong;05:00;;1
70038;0;anonymised;Impatiens glandulifera;02.04.2022;2022;Person A;no;5.7;NA;cloudy;intermittent;SO;2;frozen;2;2;2;2;0;0;300;05:00;NA;05:00;;1
70038;0;anonymised;Impatiens glandulifera;02.04.2022;2022;Person A;no;5.7;NA;cloudy;intermittent;SO;1;frozen;3;1;17;10;1;0;80;01:20;strong;NA;;1
70034;1;anonymised;Impatiens glandulifera;03.04.2022;2022;Person A;no;2;NA;cloudy;slight;NO;2;frozen;1;1;3;5;1;0;19;00:19;strong;NA;;1
70034;1;anonymised;Impatiens glandulifera;03.04.2022;2022;Person A;no;2;NA;cloudy;slight;NO;2;frozen;1;2;6;6;1;0;56;00:56;strong;NA;;1
70034;1;anonymised;Impatiens glandulifera;03.04.2022;2022;Person A;no;2;NA;cloudy;slight;NO;1;frozen;2;1;9;7;1;0;82;01:22;strong;1:33 durch HF;;1
70034;1;anonymised;Impatiens glandulifera;03.04.2022;2022;Person A;no;2;NA;cloudy;slight;NO;2;frozen;3;1;1;8;1;0;96;01:36;medium;NA;;1
70034;1;anonymised;Impatiens glandulifera;03.04.2022;2022;Person A;no;2;NA;cloudy;slight;NO;2;frozen;3;2;18;10;1;0;35;00:35;medium;NA;;1
70033;7;anonymised;Fallopia japonica;03.04.2022;2022;Person A;no;6.8;NA;cloudy;slight;NO;1;frozen;1;1;7;12;1;0;174;02:54;strong;2:54 durch HF;;1
70033;7;anonymised;Fallopia japonica;03.04.2022;2022;Person A;no;6.8;NA;cloudy;slight;NO;1;frozen;2;1;4;7;1;0;120;02:00;strong;2:40 durch HF;;1
70033;7;anonymised;Fallopia japonica;03.04.2022;2022;Person A;no;6.8;NA;cloudy;slight;NO;2;fresh;3;1;14;10;0;1;390;NA;NA;6:30 durch HF;1;1
70033;7;anonymised;Fallopia japonica;03.04.2022;2022;Person A;no;6.8;NA;cloudy;slight;NO;2;fresh;3;2;25;10;0;1;390;NA;NA;;;1
70021;1;anonymised;Impatiens glandulifera;03.04.2022;2022;Person A;yes;2.9;NA;cloudy;slight;NO;1;frozen;1;1;2;10;1;0;24;00:24;strong;2:05 durch HF;;1
70021;1;anonymised;Impatiens glandulifera;03.04.2022;2022;Person A;yes;2.9;NA;cloudy;slight;NO;2;frozen;2;1;4;8;0;0;146;NA;NA;2:26 durch HF;1;0
70021;1;anonymised;Impatiens glandulifera;03.04.2022;2022;Person A;yes;2.9;NA;cloudy;slight;NO;2;frozen;2;2;7;5;0;0;146;NA;NA;2:26 durch HF;;0
70021;1;anonymised;Impatiens glandulifera;03.04.2022;2022;Person A;yes;2.9;NA;cloudy;slight;NO;2;frozen;3;1;15;10;1;0;71;01:11;strong;3:15 durch HF;;0
70068;0;anonymised;Fallopia japonica;03.04.2022;2022;Person A;no;4.9;NA;cloudy;slight;NO;1;frozen;1;1;2;12;1;0;132;02:12;strong;04:21 durch HF;;1
70068;0;anonymised;Fallopia japonica;03.04.2022;2022;Person A;no;4.9;NA;cloudy;slight;NO;1;fresh;2;1;8;10;1;0;9;00:09;strong;01:25 durch HF;;1
70068;0;anonymised;Fallopia japonica;03.04.2022;2022;Person A;no;4.9;NA;cloudy;slight;NO;2;fresh;3;1;15;10;1;0;218;03:38;NA;3:38 durch HF;;0
70068;0;anonymised;Fallopia japonica;03.04.2022;2022;Person A;no;4.9;NA;cloudy;slight;NO;2;fresh;3;2;23;10;0;0;218;NA;NA;3:38 durch HF;;0
70040;0;anonymised;Impatiens glandulifera;03.04.2022;2022;Person A;no;5;NA;cloudy;slight;NO;2;frozen;1;1;2;5;1;0;186;03:06;strong;3:06 durch HF;;0
70040;0;anonymised;Impatiens glandulifera;03.04.2022;2022;Person A;no;5;NA;cloudy;slight;NO;2;frozen;1;2;8;8;NA;NA;186;NA;NA;3:06 durch HF;;0
70040;0;anonymised;Impatiens glandulifera;03.04.2022;2022;Person A;no;5;NA;cloudy;slight;NO;2;frozen;2;1;3;10;1;0;146;02:26;strong;NA;;1
70040;0;anonymised;Impatiens glandulifera;03.04.2022;2022;Person A;no;5;NA;cloudy;slight;NO;2;frozen;2;2;6;10;1;0;51;00:51;strong;NA;;1
70040;0;anonymised;Impatiens glandulifera;03.04.2022;2022;Person A;no;5;NA;cloudy;slight;NO;1;frozen;3;1;9;5;1;0;198;03:18;strong;4:33 durch Prueferin;;1
70069;7;anonymised;Fallopia japonica;08.05.2022;2022;Person A;yes;16.8;48;sunny;slight;SW;2;frozen;1;1;1;10;1;0;64;01:04;strong;03:38 durch HF;;1
70069;7;anonymised;Fallopia japonica;08.05.2022;2022;Person A;yes;16.8;48;sunny;slight;SW;2;frozen;1;2;7;10;0;0;218;NA;NA;03:38 durch HF;;1
70069;7;anonymised;Fallopia japonica;08.05.2022;2022;Person A;yes;16.8;48;sunny;slight;SW;1;fresh;2;1;2;10;1;0;177;02:57;strong;05:00;;1
70069;7;anonymised;Fallopia japonica;08.05.2022;2022;Person A;no;16.8;48;sunny;slight;SW;2;fresh;3;1;3;10;1;1;46;00:46;strong;NA;;1
70069;7;anonymised;Fallopia japonica;08.05.2022;2022;Person A;no;16.8;48;sunny;slight;SW;2;fresh;3;2;12;10;1;0;303;05:03;strong;NA;;1
70063;0;anonymised;Fallopia japonica;08.05.2022;2022;Person A;no;16;48;partly cloudy;slight;NA;1;frozen;1;1;9;10;0;0;300;NA;NA;05:00;;1
70063;0;anonymised;Fallopia japonica;08.05.2022;2022;Person A;no;16;48;partly cloudy;slight;NA;2;fresh;2;1;2;10;1;0;117;01:57;medium;NA;;1
70063;0;anonymised;Fallopia japonica;08.05.2022;2022;Person A;no;16;48;partly cloudy;slight;NA;2;fresh;2;2;8;10;1;0;189;03:09;medium;NA;;1
70063;0;anonymised;Fallopia japonica;08.05.2022;2022;Person A;no;16;48;partly cloudy;slight;NA;1;fresh;3;1;11;10;NA;NA;NA;NA;NA;NA;;0
70039;1;anonymised;Ambrosia artemisiifolia;08.05.2022;2022;Person A;no;17.3;48;sunny;intermittent;SW;2;frozen;1;1;7;12;1;0;60;01:00;strong;NA;;1
70039;1;anonymised;Ambrosia artemisiifolia;08.05.2022;2022;Person A;no;17.3;48;sunny;intermittent;SW;2;frozen;1;2;2;5;1;0;200;03:20;strong;NA;;1
70039;1;anonymised;Ambrosia artemisiifolia;08.05.2022;2022;Person A;no;17.3;48;sunny;intermittent;SW;2;frozen;2;1;6;6;1;0;166;02:46;strong;NA;;1
70039;1;anonymised;Ambrosia artemisiifolia;08.05.2022;2022;Person A;no;17.3;48;sunny;intermittent;SW;2;frozen;2;2;1;3;1;0;208;03:28;light;NA;;1
70039;1;anonymised;Ambrosia artemisiifolia;08.05.2022;2022;Person A;no;17.3;48;sunny;intermittent;SW;1;fresh;3;1;24;10;1;1;218;03:38;NA;6:40 durch HF;;0
79422;0;anonymised;Fallopia japonica;22.04.2023;2023;Person B, Person C;yes;26;42;partly cloudy;slight;SO;1;frozen;1;1;3;20;1;1;53;00:53;light;NA;;1
79422;0;anonymised;Fallopia japonica;22.04.2023;2023;Person B, Person C;yes;26;42;partly cloudy;slight;SO;2;fresh;2;1;2;10;0;0;300;NA;NA;05:00;;1
79422;0;anonymised;Fallopia japonica;22.04.2023;2023;Person B, Person C;yes;26;42;partly cloudy;slight;SO;2;fresh;2;2;6;3;0;0;300;NA;NA;05:00;;1
79422;0;anonymised;Fallopia japonica;22.04.2023;2023;Person B, Person C;yes;26;42;partly cloudy;slight;SO;2;fresh;3;1;12;4;NA;NA;NA;NA;NA;NA;;0
79422;0;anonymised;Fallopia japonica;22.04.2023;2023;Person B, Person C;yes;26;42;partly cloudy;slight;SO;2;fresh;3;2;20;5;NA;NA;NA;NA ;NA;NA;;0
78924;8;anonymised;Fallopia japonica;22.04.2023;2023;Person B, Person C ;no;28;42;partly cloudy;slight;SO;1;frozen;1;1;6;20;1;1;78;01:18;light;02:20;;1
78924;8;anonymised;Fallopia japonica;22.04.2023;2023;Person B, Person C ;no;28;42;partly cloudy;slight;SO;2;fresh;2;1;3;7;0;1;252;04:12;NA;NA;;1
78924;8;anonymised;Fallopia japonica;22.04.2023;2023;Person B, Person C ;no;28;42;partly cloudy;slight;SO;2;fresh;2;2;7;2;0;0;300;NA;NA;NA;;1
78924;8;anonymised;Fallopia japonica;22.04.2023;2023;Person B, Person C ;no;28;42;partly cloudy;slight;SO;1;fresh;3;1;16;10;NA;NA;NA;NA;NA;NA ;;0
79430;0;anonymised;Fallopia japonica;22.04.2023;2023;Person B;yes;20;45;partly cloudy;slight;SO;1;frozen;1;1;7;20;1;1;11;00:11;strong;2:03 durch HF;;1
79430;0;anonymised;Fallopia japonica;22.04.2023;2023;Person B;yes;20;45;partly cloudy;slight;SO;1;fresh;2;1;4;10;1;1;140;02:20;light;3:28 durch HF;;1
79430;0;anonymised;Fallopia japonica;22.04.2023;2023;Person B;yes;20;45;partly cloudy;slight;SO;2;fresh;3;1;9;5;0;0;362;NA;NA;8:02 durch HF;;0
79430;0;anonymised;Fallopia japonica;22.04.2023;2023;Person B;yes;20;45;partly cloudy;slight;SO;2;fresh;3;2;16;10;0;0;362;NA;NA;8:02 durch HF;;0
79374;0;anonymised;Fallopia japonica;22.04.2023;2023;Person B, Person C;yes;23.1;48.9;sunny;slight;SO;2;frozen;1;1;2;20;0;1;13;00:13;NA;NA;;1
79374;0;anonymised;Fallopia japonica;22.04.2023;2023;Person B, Person C;yes;23.1;48.9;sunny;slight;SO;2;frozen;1;2;5;20;1;1;48;00:48;strong;NA;;1
79374;0;anonymised;Fallopia japonica;22.04.2023;2023;Person B, Person C;yes;23.1;48.9;sunny;slight;SO;2;fresh;2;1;1;10;0;0;300;NA;NA;05:00;;1
79374;0;anonymised;Fallopia japonica;22.04.2023;2023;Person B, Person C;yes;23.1;48.9;sunny;slight;SO;2;fresh;2;2;8;3;0;0;300;NA;NA;05:00;;1
79374;0;anonymised;Fallopia japonica;22.04.2023;2023;Person B, Person C;yes;23.1;48.9;sunny;slight;SO;1;fresh;3;1;9;4;NA;NA;NA;NA;NA;NA;;0
79309;0;anonymised;Impatiens glandulifera;22.04.2023;2023;Person B, Person C ;yes;27;43;partly cloudy;no;NA;1;frozen;1;1;9;10;1;0;38;00:38;strong;NA;;1
79309;0;anonymised;Impatiens glandulifera;22.04.2023;2023;Person B, Person C;yes;27;43;partly cloudy;no;NA;2;fresh;2;1;4;10;0;0;300;NA;NA;05:00;;1
79309;0;anonymised;Impatiens glandulifera;22.04.2023;2023;Person B, Person C ;yes;27;43;partly cloudy;no;NA;2;fresh;2;2;8;10;1;0;135;02:15;NA;05:00;;1
79309;0;anonymised;Impatiens glandulifera;22.04.2023;2023;Person B, Person C;yes;27;43;partly cloudy;no;NA;2;fresh;3;1;7;10;0;0;600;NA;NA;10:00;;1
79309;0;anonymised;Impatiens glandulifera;22.04.2023;2023;Person B, Person C ;yes;27;43;partly cloudy;no;NA;2;fresh;3;2;16;10;1;0;380;06:20;light;10:00;;1
79313;6;anonymised;Ambrosia artemisiifolia;23.04.2023;2023;Person B, Person C;yes;18.5;54;NA;intermittent;SO;2;frozen;1;1;5;8;1;0;234;03:54;light;;;1
79313;6;anonymised;Ambrosia artemisiifolia;23.04.2023;2023;Person B, Person C;yes;18.5;54;NA;intermittent;SO;2;frozen;1;2;8;10;1;0;278;04:38;strong;;;1
79313;6;anonymised;Ambrosia artemisiifolia;23.04.2023;2023;Person B, Person C;yes;18.5;54;NA;intermittent;SO;1;fresh;2;1;6;2;0;0;180;03:00;NA;;;1
79313;6;anonymised;Ambrosia artemisiifolia;23.04.2023;2023;Person B, Person C;yes;18.5;54;NA;intermittent;SO;2;fresh;3;1;6;5;NA;NA;NA;NA;NA;;;0
79313;6;anonymised;Ambrosia artemisiifolia;23.04.2023;2023;Person B, Person C;yes;18.5;54;NA;intermittent;SO;2;fresh;3;2;22;3;NA;NA;NA;NA;NA;;;0
79118;0;anonymised;Impatiens glandulifera;23.04.2023;2023;Person B, Person C ;yes;21;42.4;sunny;intermittent;SO;1;frozen;1;1;6;7;0;0;219;NA;NA;03:39;;1
79118;0;anonymised;Impatiens glandulifera;23.04.2023;2023;Person B, Person C ;yes;21;42.4;sunny;intermittent;SO;1;fresh;2;1;3;7;1;0;114;01:54;NA;02:51;;1
79118;0;anonymised;Impatiens glandulifera;23.04.2023;2023;Person B, Person C ;yes;21;42.4;sunny;intermittent;SO;2;fresh;3;1;9;10;NA;0;106;NA;NA;01:46;;0
79118;0;anonymised;Impatiens glandulifera;23.04.2023;2023;Person B, Person C ;yes;21;42.4;sunny;intermittent;SO;2;fresh;3;2;24;15;NA;0;106;NA;NA;01:46;;0
78759;0;anonymised;Ambrosia artemisiifolia;23.04.2023;2023;Person B, Person C;no;18.3;56;NA;slight;SO;1;frozen;1;1;9;8;0;0;294;NA;NA;04:54;;1
78759;0;anonymised;Ambrosia artemisiifolia;23.04.2023;2023;Person B, Person C;no;18.3;56;NA;slight;SO;2;fresh;2;1;4;2;0;0;182;NA;NA;03:02;;1
78759;0;anonymised;Ambrosia artemisiifolia;23.04.2023;2023;Person B, Person C;no;18.3;56;NA;slight;SO;2;fresh;2;2;7;3;0;0;182;NA;NA;03:02;;1
78759;0;anonymised;Ambrosia artemisiifolia;23.04.2023;2023;Person B, Person C;no;18.3;56;NA;slight;SO;1;fresh;3;1;9;5;NA;NA;NA;NA;NA;NA;;0
79316;1;anonymised;Impatiens glandulifera;23.04.2023;2023;Person B, Person C ;yes;22;45;sunny;intermittent;SO;2;frozen;1;1;3;5;1;1;14;00:14;strong;01:47;;1
79316;1;anonymised;Impatiens glandulifera;23.04.2023;2023;Person B, Person C ;yes;22;45;sunny;intermittent;SO;2;frozen;1;2;9;7;0;0;107;NA;NA;01:47;;1
79316;1;anonymised;Impatiens glandulifera;23.04.2023;2023;Person B, Person C ;yes;22;45;sunny;intermittent;SO;1;fresh;2;1;8;8;0;0;222;NA;NA;03:42;;1
79316;1;anonymised;Impatiens glandulifera;23.04.2023;2023;Person B, Person C ;yes;22;45;sunny;intermittent;SO;2;fresh;3;1;6;10;1;1;22;00:22;strong;01:56;;1
79316;1;anonymised;Impatiens glandulifera;23.04.2023;2023;Person B, Person C ;yes;22;45;sunny;intermittent;SO;2;fresh;3;2;13;15;1;1;116;01:56;strong;01:56;;1
79362;1;anonymised;Impatiens glandulifera;23.04.2023;2023;Person B, Person C, Person D;yes;21;42.4;cloudy;slight;SO;1;frozen;1;1;9;7;0;0;205;NA;NA;03:25;;1
79362;1;anonymised;Impatiens glandulifera;23.04.2023;2023;Person B, Person C, Person D;yes;21;42.4;cloudy;slight;SO;2;fresh;2;1;1;7;0;0;268;NA;NA;04:28;;1
79362;1;anonymised;Impatiens glandulifera;23.04.2023;2023;Person B, Person C, Person D;yes;21;42.4;cloudy;slight;SO;2;fresh;2;2;6;7;0;0;268;NA;NA;04:28;;1
79362;1;anonymised;Impatiens glandulifera;23.04.2023;2023;Person B, Person C, Person D;yes;21;42.4;cloudy;slight;SO;1;fresh;3;1;19;15;NA;NA;NA;NA;NA;NA;;0
79341;8;anonymised;Ambrosia artemisiifolia;08.05.2023;2023;Person A, Person B, Person C ;no;17.8;50;sunny;slight;O;1;frozen;1;1;5;7;1;0;106;01:46;strong;05:00;;1
79341;8;anonymised;Ambrosia artemisiifolia;08.05.2023;2023;Person A, Person B, Person C ;no;17.8;50;sunny;slight;O;1;fresh;2;1;2;5;0;0;300;NA;NA;05:00;;1
79341;8;anonymised;Ambrosia artemisiifolia;08.05.2023;2023;Person A, Person B, Person C ;no;17.8;50;sunny;slight;O;2;fresh;3;1;2;5;0;0;316;NA;NA;05:16;;0
79341;8;anonymised;Ambrosia artemisiifolia;08.05.2023;2023;Person A, Person B, Person C ;no;17.8;50;sunny;slight;O;2;fresh;3;2;12;5;0;0;316;NA;NA;05:16;;0
79322;1;anonymised;Impatiens glandulifera;08.05.2023;2023;Person B, Person C;no;18.9;65;partly cloudy;slight;NO;1;frozen;1;1;7;10;0;0;300;NA;NA;05:00;;1
79322;1;anonymised;Impatiens glandulifera;08.05.2023;2023;Person B, Person C;no;18.9;65;partly cloudy;slight;NO;2;fresh;2;1;4;8;0;0;300;NA;NA;05:00;;1
79322;1;anonymised;Impatiens glandulifera;08.05.2023;2023;Person B, Person C;no;18.9;65;partly cloudy;slight;NO;2;fresh;2;2;8;15;1;1;300;05:00;medium;05:00;;1
79322;1;anonymised;Impatiens glandulifera;08.05.2023;2023;Person B, Person C;no;18.9;65;partly cloudy;slight;NO;1;fresh;3;1;12;10;0;0;284;NA;NA;04:44;;0
78724;2;anonymised;Fallopia japonica;08.05.2023;2023;Person A, Person B, Person C ;no;17;51;sunny;intermittent;NO;2;frozen;1;1;5;10;1;1;102;01:42;strong;05:00;;1
78724;2;anonymised;Fallopia japonica;08.05.2023;2023;Person A, Person B, Person C ;no;17;51;sunny;intermittent;NO;2;frozen;1;2;8;10;0;1;300;>5:00;NA;05:00;;1
78724;2;anonymised;Fallopia japonica;08.05.2023;2023;Person A, Person B, Person C ;no;17;51;sunny;intermittent;NO;1;fresh;2;1;7;7;0;0;277;NA;NA;04:37;;1
78724;2;anonymised;Fallopia japonica;08.05.2023;2023;Person A, Person B, Person C ;no;17;51;sunny;intermittent;NO;2;fresh;3;1;1;7;NA;NA;NA;NA;NA;NA;;0
78724;2;anonymised;Fallopia japonica;08.05.2023;2023;Person A, Person B, Person C ;no;17;51;sunny;intermittent;NO;2;fresh;3;2;19;7;NA;NA;NA;NA;NA;NA;;0
